mean_fit_time,std_fit_time,mean_score_time,std_score_time,param_mlp__activation,param_mlp__hidden_layer_sizes,param_mlp__learning_rate_init,params,split0_test_score,split1_test_score,split2_test_score,split3_test_score,split4_test_score,mean_test_score,std_test_score,rank_test_score,split0_train_score,split1_train_score,split2_train_score,split3_train_score,split4_train_score,mean_train_score,std_train_score
0.2908012866973877,0.057480114234627,0.003996372222900391,0.0018301078774888525,relu,"(64,)",0.001,"{'mlp__activation': 'relu', 'mlp__hidden_layer_sizes': (64,), 'mlp__learning_rate_init': 0.001}",0.9393639217500815,0.9478309397217403,0.9428854086518875,0.9667021092338227,0.9456345828664913,0.9484833924448047,0.009539027416937738,17,0.9482807088089515,0.950670099600955,0.950146928630626,0.9461935724409157,0.948972987843561,0.9488528594650019,0.001574202743878008
0.17897863388061525,0.009466778348333113,0.0034311771392822265,0.001428125558192967,relu,"(64,)",0.01,"{'mlp__activation': 'relu', 'mlp__hidden_layer_sizes': (64,), 'mlp__learning_rate_init': 0.01}",0.9432995394051407,0.9478309397217403,0.9438801597492004,0.9667021092338227,0.9456345828664913,0.949469466195279,0.00875971949765075,8,0.9510218884426241,0.9504223628668935,0.9508918635698659,0.9461935724409157,0.9504630704903816,0.9497985515621362,0.001817607475985
0.2966921806335449,0.027308432782513114,0.003457784652709961,0.001967418043540576,relu,"(128,)",0.001,"{'mlp__activation': 'relu', 'mlp__hidden_layer_sizes': (128,), 'mlp__learning_rate_init': 0.001}",0.9432995394051407,0.9458271790428779,0.9418900383080961,0.9667021092338227,0.9436437822652719,0.9482725296510418,0.00930076634783154,19,0.951270864326226,0.9486871956463168,0.9489046447055752,0.9456971494068818,0.9487245138852206,0.9486568735940442,0.0017697344417488387
0.2385542392730713,0.011033779624450565,0.001992034912109375,0.00011399873103012049,relu,"(128,)",0.01,"{'mlp__activation': 'relu', 'mlp__hidden_layer_sizes': (128,), 'mlp__learning_rate_init': 0.01}",0.9432995394051407,0.9478309397217403,0.9448743049779459,0.9667021092338227,0.9456345828664913,0.9496682952410282,0.008641075436605701,5,0.951519804071006,0.9501745904721944,0.9511401038900128,0.9456944757867872,0.950214812956153,0.9497487574352306,0.002093236362773356
0.29654202461242674,0.058003416491699517,0.003078746795654297,0.0013462451144683957,relu,"(64, 32)",0.001,"{'mlp__activation': 'relu', 'mlp__hidden_layer_sizes': (64, 32), 'mlp__learning_rate_init': 0.001}",0.9403487020406468,0.9458271790428779,0.9438801597492004,0.9667021092338227,0.946629049861782,0.948677439985666,0.009269200229480874,15,0.9482807088089515,0.9481911026992181,0.9506435877245278,0.9456971494068818,0.9507112926770048,0.9487047682633166,0.0018587421039002526
0.22623567581176757,0.019493134666419994,0.0027969837188720702,0.000871615056627182,relu,"(64, 32)",0.01,"{'mlp__activation': 'relu', 'mlp__hidden_layer_sizes': (64, 32), 'mlp__learning_rate_init': 0.01}",0.9432995394051407,0.9468293511562937,0.9448743049779459,0.9667021092338227,0.9456345828664913,0.9494679775279389,0.008692801801337198,10,0.9505238274246255,0.9501745904721944,0.9503797383324799,0.9459453789456767,0.9507112926770048,0.9495469655703962,0.0018093516186422375
0.4389000415802002,0.054058839927147835,0.0034983158111572266,0.0009185310601506677,relu,"(128, 64)",0.001,"{'mlp__activation': 'relu', 'mlp__hidden_layer_sizes': (128, 64), 'mlp__learning_rate_init': 0.001}",0.9432995394051407,0.9468293511562937,0.9428854086518875,0.9667021092338227,0.9446394981736536,0.9488711813241597,0.009020985212250102,14,0.95176870788536,0.9486871956463168,0.949401668374135,0.9459453789456767,0.9492214252139938,0.9490048752130964,0.0018603519813902081
0.3827487945556641,0.02588037524552122,0.00445089340209961,0.0012851597098813535,relu,"(128, 64)",0.01,"{'mlp__activation': 'relu', 'mlp__hidden_layer_sizes': (128, 64), 'mlp__learning_rate_init': 0.01}",0.9432995394051407,0.9478309397217403,0.9448743049779459,0.9667021092338227,0.946629049861782,0.9498671886400863,0.008556977358149134,2,0.9520175759775357,0.950670099600955,0.9511401038900128,0.9459453789456767,0.9509594797222273,0.9501465276272814,0.0021481473266093854
0.5137872695922852,0.02321326812972764,0.004805278778076172,0.0012167728228649722,relu,"(128, 64, 32)",0.001,"{'mlp__activation': 'relu', 'mlp__hidden_layer_sizes': (128, 64, 32), 'mlp__learning_rate_init': 0.001}",0.9432995394051407,0.9478309397217403,0.9438801597492004,0.9667021092338227,0.946629049861782,0.9496683595943372,0.008681327896915902,4,0.951270864326226,0.9501745904721944,0.9511401038900128,0.945448883617573,0.950214812956153,0.9496498510524318,0.0021490089973654706
0.4069509029388428,0.039864932636523055,0.0033562183380126953,0.0011692256851711046,relu,"(128, 64, 32)",0.01,"{'mlp__activation': 'relu', 'mlp__hidden_layer_sizes': (128, 64, 32), 'mlp__learning_rate_init': 0.01}",0.9423033785702967,0.9468293511562937,0.9428854086518875,0.9667021092338227,0.946629049861782,0.9490698594948164,0.0090100649994202,12,0.951270864326226,0.9501745904721944,0.950146928630626,0.9459453789456767,0.9509615370191246,0.9496998598787695,0.001927757809612008
0.30268044471740724,0.04275775749841681,0.0028431892395019533,0.0011891915433816778,tanh,"(64,)",0.001,"{'mlp__activation': 'tanh', 'mlp__hidden_layer_sizes': (64,), 'mlp__learning_rate_init': 0.001}",0.9423164978946853,0.9478309397217403,0.9438801597492004,0.9667021092338227,0.9426474215824636,0.9486754256363824,0.009224335724692707,16,0.9480284541298953,0.9501745904721944,0.9506435877245278,0.9439585160126481,0.9494698262036058,0.9484549949085743,0.0024156609642591075
0.17225823402404786,0.023527941160057582,0.0026239871978759764,0.0011358680024737403,tanh,"(64,)",0.01,"{'mlp__activation': 'tanh', 'mlp__hidden_layer_sizes': (64,), 'mlp__learning_rate_init': 0.01}",0.9423164978946853,0.9478309397217403,0.9438801597492004,0.9667021092338227,0.9436437822652719,0.9488746977729441,0.009101910821658716,13,0.9510218884426241,0.949678937874027,0.9508918635698659,0.9461935724409157,0.9499665198679691,0.9495505564390804,0.0017562899313435386
0.314119291305542,0.061986821282431,0.003879737854003906,0.0019052190717891728,tanh,"(128,)",0.001,"{'mlp__activation': 'tanh', 'mlp__hidden_layer_sizes': (128,), 'mlp__learning_rate_init': 0.001}",0.9432995394051407,0.9458027268273874,0.9418900383080961,0.9667021092338227,0.9416504025247902,0.9478689632598474,0.009531572754064462,20,0.951270864326226,0.9476948596475611,0.9474101683203724,0.94470386667477,0.9492214252139938,0.9480602368365846,0.00216692397440332
0.24295415878295898,0.02849588449787875,0.005980825424194336,0.002753747063150266,tanh,"(128,)",0.01,"{'mlp__activation': 'tanh', 'mlp__hidden_layer_sizes': (128,), 'mlp__learning_rate_init': 0.01}",0.9432995394051407,0.9478309397217403,0.9458678576770244,0.9667021092338227,0.946629049861782,0.9500658991799019,0.008449587434125435,1,0.9510218884426241,0.9504181296354288,0.9511401038900128,0.9454480650758901,0.9507112926770048,0.9497478959441921,0.00216458734229568
0.3582450389862061,0.04237990190789426,0.004998493194580078,0.0017983175228675813,tanh,"(64, 32)",0.001,"{'mlp__activation': 'tanh', 'mlp__hidden_layer_sizes': (64, 32), 'mlp__learning_rate_init': 0.001}",0.9432995394051407,0.9427902057246379,0.9438801597492004,0.9667021092338227,0.9456345828664913,0.9484613193958585,0.009170707496937047,18,0.949776459637956,0.9419767351902273,0.9506435877245278,0.9452005813706448,0.9504630704903816,0.9476120868827476,0.0034518158074119247
0.28403773307800295,0.013794737785576315,0.0047379016876220705,0.0009757689165675238,tanh,"(64, 32)",0.01,"{'mlp__activation': 'tanh', 'mlp__hidden_layer_sizes': (64, 32), 'mlp__learning_rate_init': 0.01}",0.9432995394051407,0.9468293511562937,0.9448743049779459,0.9667021092338227,0.946629049861782,0.9496668709269969,0.008613835597792285,7,0.9510218884426241,0.9489351863502528,0.9506435877245278,0.9456971494068818,0.9512076318321083,0.9495010887512789,0.00206497578461042
0.46590414047241213,0.04201512490220587,0.0038204193115234375,0.001879758213133897,tanh,"(128, 64)",0.001,"{'mlp__activation': 'tanh', 'mlp__hidden_layer_sizes': (128, 64), 'mlp__learning_rate_init': 0.001}",0.9432995394051407,0.9478309397217403,0.9458678576770244,0.9667021092338227,0.9446394981736536,0.9496679888422763,0.008646616338150519,6,0.951270864326226,0.9499267822101806,0.9506435877245278,0.9449522424588443,0.9499665198679691,0.9493519993175497,0.0022546004005515566
0.4185603141784668,0.062262005565653124,0.005268287658691406,0.002132071329048855,tanh,"(128, 64)",0.01,"{'mlp__activation': 'tanh', 'mlp__hidden_layer_sizes': (128, 64), 'mlp__learning_rate_init': 0.01}",0.9432995394051407,0.9478309397217403,0.9468608311469706,0.9667021092338227,0.9426439926695478,0.9494674824354444,0.008844306617064203,11,0.951519804071006,0.9494298539591374,0.9511401038900128,0.9456971494068818,0.9509594797222273,0.9497492782098531,0.0021473483781618142
0.48457765579223633,0.047890999177260564,0.003995418548583984,0.0011938176076345883,tanh,"(128, 64, 32)",0.001,"{'mlp__activation': 'tanh', 'mlp__hidden_layer_sizes': (128, 64, 32), 'mlp__learning_rate_init': 0.001}",0.9432995394051407,0.9478309397217403,0.9438801597492004,0.9667021092338227,0.9456345828664913,0.949469466195279,0.00875971949765075,8,0.9507728762116556,0.949678937874027,0.9506435877245278,0.9449522424588443,0.950214812956153,0.9492524914450418,0.002183885495541604
0.3774860858917236,0.05446285641787681,0.0034556865692138674,0.0009440709027919997,tanh,"(128, 64, 32)",0.01,"{'mlp__activation': 'tanh', 'mlp__hidden_layer_sizes': (128, 64, 32), 'mlp__learning_rate_init': 0.01}",0.9432995394051407,0.9478309397217403,0.9448743049779459,0.9667021092338227,0.946629049861782,0.9498671886400863,0.008556977358149134,2,0.95176870788536,0.9499267822101806,0.9511401038900128,0.9459453789456767,0.9512076318321083,0.9499977209526677,0.002113377669717506
